CNPJ;Nome;Ticker;Tipo
00.000.000/0001-91;BCO BRASIL S.A.;BBAS3.SA;Bancos
33.000.167/0001-01;PETROLEO BRASILEIRO S.A. PETROBRAS;PETR4.SA;Petr¢leo e G†s
60.746.948/0001-12;BCO BRADESCO S.A.;BBDC4.SA;Bancos
61.532.644/0001-15;ITAÈSA S.A.;ITUB4.SA;Emp. Adm. Part. - Intermediaá∆o Financeira
60.872.504/0001-23;ITAU UNIBANCO HOLDING S.A.;ITUB4.SA;Bancos
33.592.510/0001-54;VALE S.A.;VALE3.SA;Extraá∆o Mineral
30.306.294/0001-45;BCO BTG PACTUAL S.A.;BPAC11.SA;Bancos
07.526.557/0001-00;AMBEV S.A.;ABEV3.SA;Bebidas e Fumo
84.429.695/0001-11;WEG S.A.;WEGE3.SA;Emp. Adm. Part. - M†qs., Equip., Ve°c. e Peáas
04.626.426/0001-06;BTG PACTUAL COMMODITIES SERTRADING S.A.;BPAC11.SA;ComÇrcio (Atacado e Varejo)
00.001.180/0001-26;CENTRAIS ELET BRAS S.A. - ELETROBRAS;ELET3.SA;Emp. Adm. Part. - Energia ElÇtrica
89.637.490/0001-45;KLABIN S.A.;KLBN11.SA;Papel e Celulose
90.400.888/0001-42;BCO SANTANDER (BRASIL) S.A.;SANB11.SA;Bancos
43.776.517/0001-80;CIA SANEAMENTO BASICO EST SAO PAULO;SBSP3.SA;Saneamento, Serv. µgua e G†s
16.404.287/0001-55;SUZANO S.A.;SUZB3.SA;Papel e Celulose
60.651.809/0001-05;SUZANO HOLDING S.A.;SUZB3.SA;Emp. Adm. Part. - Papel e Celulose
02.558.157/0001-62;TELEF‚NICA BRASIL S.A;VIVT3.SA;Telecomunicaá‰es
92.702.067/0001-96;BCO ESTADO DO RIO GRANDE DO SUL S.A.;BRSR6.SA;Bancos
06.047.087/0001-39;REDE D'OR S«O LUIZ S.A.;RDOR3.SA;Serviáos MÇdicos
03.220.438/0001-73;EQUATORIAL S.A.;EQTL3.SA;Energia ElÇtrica
09.346.601/0001-25;B3 S.A. - BRASIL, BOLSA, BALC«O;B3SA3.SA;Bolsas de Valores/Mercadorias e Futuros
16.670.085/0001-55;LOCALIZA RENT A CAR S.A.;RENT3.SA;Serviáos Transporte e Log°stica
01.083.200/0001-18;NEOENERGIA S.A.;NEOE3.SA;Emp. Adm. Part. - Energia ElÇtrica
02.429.144/0001-93;CPFL ENERGIA S.A.;CPFE3.SA;Emp. Adm. Part. - Energia ElÇtrica
50.746.577/0001-15;COSAN S.A.;CSAN3.SA;Agricultura (Aá£car, µlcool e Cana)
02.846.056/0001-97;MOTIVA INFRAESTRUTURA DE MOBILIDADE S.A.;MOTV3.SA;Emp. Adm. Part. - Serviáos Transporte e Log°stica
01.637.895/0001-32;VOTORANTIM CIMENTOS S.A.;TIMS3.SA;Construá∆o Civil, Mat. Constr. e Decoraá∆o
05.197.443/0001-38;HAPVIDA PARTICIPAÄÂES E INVESTIMENTOS S.A.;TIMS3.SA;Serviáos MÇdicos
09.114.805/0001-30;OCEANPACT SERVIÄOS MARITIMOS S.A.;TIMS3.SA;Petr¢leo e G†s
14.191.427/0001-29;GRANBIO INVESTIMENTOS S.A.;TIMS3.SA;Emp. Adm. Part. - Agricultura (Aá£car, µlcool e Cana)
17.344.597/0001-94;BB SEGURIDADE PARTICIPAÄÂES S.A.;BBSE3.SA;Emp. Adm. Part. - Seguradoras e Corretoras
92.660.570/0001-26;TREVISA INVESTIMENTOS S.A.;TIMS3.SA;Emp. Adm. Part. - Sem Setor Principal
86.375.425/0001-09;METISA METALURGICA TIMBOENSE S.A.;TIMS3.SA;Metalurgia e Siderurgia
16.838.421/0001-26;XP INVESTIMENTOS S.A.;TIMS3.SA;Emp. Adm. Part. - Sem Setor Principal
92.715.812/0001-31;CPFL TRANSMISS«O S.A.;CPFE3.SA;Energia ElÇtrica
02.474.103/0001-19;ENGIE BRASIL ENERGIA S.A.;EGIE3.SA;Energia ElÇtrica
03.953.509/0001-47;CPFL GERACAO DE ENERGIA S.A.;CPFE3.SA;Energia ElÇtrica
02.286.479/0001-08;LOCALIZA FLEET S.A.;RENT3.SA;Serviáos Transporte e Log°stica
08.439.659/0001-50;CPFL ENERGIAS RENOVµVEIS S.A.;CPFE3.SA;Emp. Adm. Part. - Energia ElÇtrica
59.285.411/0001-13;BCO PAN S.A.;BPAN4.SA;Bancos
02.600.854/0001-34;TIM BRASIL SERVIÄOS E PARTICIPAÄÂES S.A.;TIMS3.SA;Telecomunicaá‰es
00.000.208/0001-00;BRB BANCO DE BRASILIA S.A.;BSLI4.SA;#N/A
04.423.567/0001-21;ENEVA S.A;ENEV3.SA;Energia ElÇtrica
10.629.105/0001-68;PRIO S.A.;PRIO3.SA;Petr¢leo e G†s
08.926.302/0001-05;PRIO FORTE S.A.;PRIO3.SA;Petr¢leo e G†s
00.864.214/0001-06;ENERGISA S.A.;ENGI11.SA;Emp. Adm. Part. - Energia ElÇtrica
22.543.331/0001-00;CAIXA SEGURIDADE PARTICIPAÄÂES S.A.;CXSE3.SA;Emp. Adm. Part. - Seguradoras e Corretoras
03.853.896/0001-40;MARFRIG GLOBAL FOODS S.A.;MRFG3.SA;Alimentos
02.387.241/0001-60;RUMO S.A.;RAIL3.SA;Emp. Adm. Part. - Serviáos Transporte e Log°stica
07.689.002/0001-89;EMBRAER S.A.;EMBR3.SA;M†quinas, Equipamentos, Ve°culos e Peáas
17.155.730/0001-64;CIA ENERGETICA DE MINAS GERAIS - CEMIG;CMIG4.SA;Energia ElÇtrica
06.981.176/0001-58;CEMIG GERACAO E TRANSMISSAO S.A.;CMIG4.SA;Energia ElÇtrica
07.415.333/0001-20;SIMPAR S.A.;SIMH3.SA;Serviáos Transporte e Log°stica
34.274.233/0001-02;VIBRA ENERGIA S/A;VBBR3.SA;ComÇrcio (Atacado e Varejo)
61.585.865/0001-51;RAIA DROGASIL S.A.;RADL3.SA;ComÇrcio (Atacado e Varejo)
33.042.730/0001-04;CIA SIDERURGICA NACIONAL;CSNA3.SA;Metalurgia e Siderurgia
09.305.994/0001-29;AZUL S.A.;AZUL4.SA;Emp. Adm. Part. - Serviáos Transporte e Log°stica
28.594.234/0001-23;AUREN ENERGIA S.A.;AURE3.SA;Energia ElÇtrica
28.201.130/0001-01;ENERGISA TRANSMISS«O DE ENERGIA S/A;ENGI11.SA;Emp. Adm. Part. - Energia ElÇtrica
02.998.611/0001-04;ISA ENERGIA BRASIL;ISAE4.SA;Energia ElÇtrica
53.113.791/0001-22;TOTVS S.A.;TOTS3.SA;Comunicaá∆o e Inform†tica
33.256.439/0001-39;ULTRAPAR PARTICIPACOES S.A.;UGPA3.SA;Emp. Adm. Part. - Petr¢leo e G†s
33.453.598/0001-23;RA÷ZEN S.A.;RAIZ4.SA;ComÇrcio (Atacado e Varejo)
08.364.948/0001-38;ALUPAR INVESTIMENTO S/A;ALUP11.SA;Emp. Adm. Part. - Energia ElÇtrica
42.150.391/0001-70;BRASKEM S.A.;BRKM5.SA;Petroqu°micos e Borracha
37.663.076/0001-07;AUREN PARTICIPAÄÂES S.A.;AURE3.SA;Energia ElÇtrica
33.611.500/0001-19;GERDAU S.A.;GGBR4.SA;Metalurgia e Siderurgia
92.690.783/0001-09;METALURGICA GERDAU S.A.;GGBR4.SA;Emp. Adm. Part. - Metalurgia e Siderurgia
17.184.037/0001-10;BCO MERCANTIL DO BRASIL S.A.;BMEB4.SA;Bancos
02.932.074/0001-91;HYPERA S.A.;HYPE3.SA;Farmacàutico e Higiene
62.144.175/0001-20;BCO PINE S.A;PINE4.SA;Bancos
17.281.106/0001-03;CIA SANEAMENTO DE MINAS GERAIS-COPASA MG;CSMG3.SA;Saneamento, Serv. µgua e G†s
28.127.603/0001-78;BANESTES S.A. - BCO EST ESPIRITO SANTO;BEES4.SA;Bancos
07.816.890/0001-53;MULTIPLAN - EMPREEND IMOBILIARIOS S.A.;MULT3.SA;Emp. Adm. Part. - Const. Civil, Mat. Const. e Decoraá∆o
24.396.489/0001-20;BRK AMBIENTAL PARTICIPAÄÂES S.A.;BRKM5.SA;Emp. Adm. Part. - Saneamento, Serv. µgua e G†s
07.857.093/0001-14;AURA MINERALS INC.;AURA33.SA;#N/A
01.838.723/0001-27;BRF S.A.;BRFS3.SA;Emp. Adm. Part. - Alimentos
07.594.978/0001-78;SMARTFIT ESCOLA DE GINµSTICA E DANÄA S.A.;SMFT3.SA;Brinquedos e Lazer
42.500.384/0001-51;SERENA ENERGIA S.A.;SRNA3.SA;Emp. Adm. Part. - Energia ElÇtrica
12.091.809/0001-55;BRAVA ENERGIA S.A.;BRAV3.SA;Petr¢leo e G†s
00.194.724/0001-13;AUREN OPERAÄÂES S.A.;AURE3.SA;Emp. Adm. Part. - Energia ElÇtrica
21.314.559/0001-66;MOVIDA PARTICIPACOES SA;MOVI3.SA;Serviáos Transporte e Log°stica
23.373.000/0001-32;VAMOS LOCAÄ«O DE CAMINHÂES, MµQUINAS E EQUIPAMENTOS S.A.;VAMO3.SA;Serviáos Transporte e Log°stica
02.762.121/0001-04;SANTOS BRASIL PARTICIPACOES S.A.;STBP3.SA;Emp. Adm. Part. - Serviáos Transporte e Log°stica
09.229.201/0001-30;GPS PARTICIPAÄÂES E EMPREENDIMENTOS S.A.;GGPS3.SA;Emp. Adm. Part. - Sem Setor Principal
05.878.397/0001-32;ALLOS S.A.;ALOS3.SA;Emp. Adm. Part. - ComÇrcio (Atacado e Varejo)
08.070.508/0001-78;RAIZEN ENERGIA S.A.;RAIZ4.SA;Agricultura (Aá£car, µlcool e Cana)
33.130.691/0001-05;WILSON SONS S.A.;PORT3.SA;Emp. Adm. Part. - Serviáos Transporte e Log°stica
60.840.055/0001-31;FLEURY S.A.;FLRY3.SA;Serviáos MÇdicos
08.797.760/0001-83;CURY CONSTRUTORA E INCORPORADORA S.A.;CURY3.SA;Construá∆o Civil, Mat. Constr. e Decoraá∆o
02.800.026/0001-40;COGNA EDUCAÄ«O S.A.;COGN3.SA;Emp. Adm. Part. - Educaá∆o
51.466.860/0001-56;SAO MARTINHO S.A.;SMTO3.SA;Agricultura (Aá£car, µlcool e Cana)
09.112.685/0001-32;OSX BRASIL S.A. - EM RECUPERAÄ«O JUDICIAL;OSXB3.SA;Emp. Adm. Part. - Sem Setor Principal
33.958.695/0001-78;UNIPAR CARBOCLORO S.A.;UNIP6.SA;Petroqu°micos e Borracha
76.535.764/0001-43;OI S.A. - EM RECUPERAÄ«O JUDICIAL;OIBR3.SA;Telecomunicaá‰es
89.096.457/0001-55;SLC AGRICOLA S.A.;SLCE3.SA;Agricultura (Aá£car, µlcool e Cana)
08.807.432/0001-10;YDUQS PARTICIPACOES S.A.;YDUQ3.SA;Emp. Adm. Part. - Educaá∆o
88.610.126/0001-29;FRAS-LE S.A.;FRAS3.SA;M†quinas, Equipamentos, Ve°culos e Peáas
16.614.075/0001-00;DIRECIONAL ENGENHARIA S.A.;DIRR3.SA;Construá∆o Civil, Mat. Constr. e Decoraá∆o
03.378.521/0001-75;LIGHT S.A. - EM RECUPERAÄ«O JUDICIAL;LIGT3.SA;Emp. Adm. Part. - Energia ElÇtrica
73.178.600/0001-18;CYRELA BRAZIL REALTY S.A.EMPREEND E PART;CYRE3.SA;Construá∆o Civil, Mat. Constr. e Decoraá∆o
97.837.181/0001-47;DEXCO S.A.;DXCO3.SA;Construá∆o Civil, Mat. Constr. e Decoraá∆o
58.119.199/0001-51;ODONTOPREV S.A.;ODPV3.SA;Serviáos MÇdicos
01.417.222/0001-77;MRS LOGISTICA S.A.;LOGG3.SA;Serviáos Transporte e Log°stica
61.079.117/0001-05;ALPARGATAS S.A.;ALPA4.SA;Tàxtil e Vestu†rio
33.839.910/0001-11;VIVARA PARTICIPAÄÂES S.A.;VIVA3.SA;ComÇrcio (Atacado e Varejo)
67.620.377/0001-14;MINERVA S.A.;BEEF3.SA;Alimentos
88.611.835/0001-29;MARCOPOLO S.A.;POMO4.SA;M†quinas, Equipamentos, Ve°culos e Peáas
60.398.369/0004-79;PARANAPANEMA S.A. - EM RECUPERAÄ«O JUDICIAL;PMAM3.SA;Metalurgia e Siderurgia
52.548.435/0001-79;JSL S.A.;JSLG3.SA;Serviáos Transporte e Log°stica
61.486.650/0001-83;DIAGNOSTICOS DA AMERICA S.A.;DASA3.SA;Serviáos MÇdicos
33.376.989/0001-91;IRB - BRASIL RESSEGUROS S.A.;IRBR3.SA;Seguradoras e Corretoras
07.206.816/0001-15;M.DIAS BRANCO S.A. IND COM DE ALIMENTOS;MDIA3.SA;Alimentos
08.294.224/0001-65;JHSF PARTICIPACOES S.A.;JHSF3.SA;Emp. Adm. Part. - Const. Civil, Mat. Const. e Decoraá∆o
09.288.252/0001-32;ANIMA HOLDING S.A.;ANIM3.SA;Educaá∆o
83.878.892/0001-55;CENTRAIS ELET DE SANTA CATARINA S.A.;CLSC4.SA;Energia ElÇtrica
92.754.738/0001-62;LOJAS RENNER S.A.;LREN3.SA;ComÇrcio (Atacado e Varejo)
12.648.266/0001-24;AMBIPAR PARTICIPAÄÂES E EMPREENDIMENTOS S.A.;AMBP3.SA;Saneamento, Serv. µgua e G†s
03.342.704/0001-30;PETROREC‚NCAVO S.A.;RECV3.SA;Emp. Adm. Part. - Petr¢leo e G†s
08.902.291/0001-15;CSN MINERAÄ«O S.A.;CSNA3.SA;Extraá∆o Mineral
35.764.708/0001-01;BRASIL TECNOLOGIA E PARTICIPAÄÂES S.A.;LOGG3.SA;Telecomunicaá‰es
32.681.371/0001-72;VIX LOG÷STICA S.A.;LOGG3.SA;Serviáos Transporte e Log°stica
60.476.884/0001-87;MAHLE METAL LEVE S.A.;LEVE3.SA;M†quinas, Equipamentos, Ve°culos e Peáas
12.104.241/0004-02;ONCOCL÷NICAS DO BRASIL SERVIÄOS MêDICOS S.A.;ONCO3.SA;Serviáos MÇdicos
50.926.955/0001-42;VULCABRAS S.A.;VULC3.SA;Tàxtil e Vestu†rio
01.917.818/0001-36;LIGHT ENERGIA S.A.;LIGT3.SA;Energia ElÇtrica
15.114.494/0001-02;CORREDOR LOG÷STICA E INFRAESTRUTURA S.A.;LOGG3.SA;Serviáos Transporte e Log°stica
00.242.184/0001-04;ARMAC LOCAÄ«O, LOG÷STICA E SERVIÄOS S.A.;LOGG3.SA;Serviáos Transporte e Log°stica
02.635.522/0001-95;JALLES MACHADO S.A.;JALL3.SA;Agricultura (Aá£car, µlcool e Cana)
09.041.168/0001-10;LOG COMMERCIAL PROPERTIES E PARTICIPAÄÂES;LOGG3.SA;Construá∆o Civil, Mat. Constr. e Decoraá∆o
10.739.356/0001-03;BRBI BR PARTNERS S.A;BSLI4.SA;Emp. Adm. Part. - Bancos
27.093.558/0001-15;MILLS LOCAÄ«O, SERVIÄOS E LOG÷STICA S.A.;LOGG3.SA;Serviáos Transporte e Log°stica
08.170.849/0001-15;DESKTOP S.A.;DESK3.SA;Telecomunicaá‰es
92.791.243/0001-03;IRANI PAPEL E EMBALAGEM S.A.;RANI3.SA;Embalagens
02.302.101/0001-42;EMAE - EMPRESA METROP.AGUAS ENERGIA S.A.;EMAE4.SA;Energia ElÇtrica
45.242.914/0001-05;C&A MODAS S.A.;CEAB3.SA;Tàxtil e Vestu†rio
13.444.994/0001-87;MLOG S.A.;LOGG3.SA;Emp. Adm. Part. - Sem Setor Principal
89.086.144/0001-16;RANDONCORP S.A.;RAPT4.SA;M†quinas, Equipamentos, Ve°culos e Peáas
08.764.621/0001-53;GENERAL SHOPPING E OUTLETS DO BRASIL BRASIL S.A.;GSHP3.SA;ComÇrcio (Atacado e Varejo)
02.351.144/0001-18;TEGMA GESTAO LOGISTICA S.A.;TGMA3.SA;Serviáos Transporte e Log°stica
61.186.680/0001-74;BANCO BMG S/A;BMGB4.SA;Bancos
13.574.594/0001-96;ZAMP SA;ZAMP3.SA;Alimentos
02.149.205/0001-69;PORTO SEGURO S.A.;PSSA3.SA;Seguradoras e Corretoras
29.780.061/0001-09;SAO CARLOS EMPREEND E PARTICIPACOES S.A.;SCAR3.SA;Emp. Adm. Part. - Sem Setor Principal
06.981.381/0001-13;CTC - CENTRO DE TECNOLOGIA CANAVIEIRA S.A.;LOGG3.SA;Agricultura (Aá£car, µlcool e Cana)
13.217.485/0001-11;GRUPO SBF S.A.;SBFG3.SA;ComÇrcio (Atacado e Varejo)
15.141.799/0001-03;CIA FERRO LIGAS DA BAHIA - FERBASA;FESA4.SA;Metalurgia e Siderurgia
14.785.152/0001-51;HBR REALTY EMPREENDIMENTOS IMOBILIµRIOS S.A.;HBRE3.SA;Construá∆o Civil, Mat. Constr. e Decoraá∆o
16.676.520/0001-59;HOSPITAL MATER DEI S.A.;MATD3.SA;Serviáos MÇdicos
03.014.553/0001-91;TPI - TRIUNFO PARTICIP. E INVEST. S.A.;TPIS3.SA;Emp. Adm. Part. - Serviáos Transporte e Log°stica
82.901.000/0001-27;INTELBRAS S.A. IND. DE TELECOMUNICAÄ«O ELETR‚NICA BRASILEIRA;INTB3.SA;ComÇrcio (Atacado e Varejo)
24.230.275/0001-80;PLANO & PLANO DESENVOLVIMENTO IMOBILIµRIO S.A.;PLPL3.SA;Construá∆o Civil, Mat. Constr. e Decoraá∆o
04.986.320/0001-13;SER EDUCACIONAL S.A.;SEER3.SA;Educaá∆o
64.904.295/0001-03;CAMIL ALIMENTOS S.A.;CAML3.SA;#N/A
26.462.693/0001-28;LAVVI EMPREENDIMENTOS IMOBILIµRIOS S.A.;LAVV3.SA;Construá∆o Civil, Mat. Constr. e Decoraá∆o
02.201.787/0001-85;CEL PARTICIPAÄÂES S.A. - CELPAR;GPAR3.SA;Emp. Adm. Part. - Educaá∆o
02.351.877/0001-52;LWSA S/A;LWSA3.SA;Comunicaá∆o e Inform†tica
42.278.473/0001-03;WIZ CO PARTICIPAÄÂES E CORRETAGEM DE SEGUROS S.A.;WIZC3.SA;Seguradoras e Corretoras
09.347.516/0001-81;ELETROMIDIA S.A.;ROMI3.SA;#N/A
58.430.828/0001-60;BLAU FARMAC“UTICA S.A.;BLAU3.SA;Farmacàutico e Higiene
47.508.411/0001-56;CIA BRASILEIRA DE DISTRIBUICAO;PCAR3.SA;ComÇrcio (Atacado e Varejo)
91.983.056/0001-69;KEPLER WEBER S.A.;KEPL3.SA;Emp. Adm. Part. - Metalurgia e Siderurgia
09.042.817/0001-05;BEMOBI MOBILE TECH S.A.;BMOB3.SA;Comunicaá∆o e Inform†tica
08.534.605/0001-74;RENOVA ENERGIA S.A.;RNEW11.SA;Energia ElÇtrica
04.752.991/0001-10;BIOMM S.A.;BIOM3.SA;Farmacàutico e Higiene
76.627.504/0001-06;INEPAR S.A. INDUSTRIA E CONSTRUCOES EM RECUPERACAO JUDICIAL;INEP4.SA;#N/A
33.113.309/0001-47;VALID SOLUÄÂES S.A.;VLID3.SA;Comunicaá∆o e Inform†tica
56.643.018/0001-66;EUCATEX S.A. INDUSTRIA E COMERCIO;EUCA4.SA;Construá∆o Civil, Mat. Constr. e Decoraá∆o
18.328.118/0001-09;PET CENTER COMêRCIO E PARTICIPAÄÂES S.A.;PETZ3.SA;ComÇrcio (Atacado e Varejo)
11.992.680/0001-93;QUALICORP CONSULTORIA E CORRETORA DE SEGUROS S.A.;QUAL3.SA;Seguradoras e Corretoras
18.593.815/0001-97;PRINER SERVIÄOS INDUSTRIAIS S.A.;PRNR3.SA;Construá∆o Civil, Mat. Constr. e Decoraá∆o
04.821.041/0001-08;METALFRIO SOLUTIONS S.A.;FRIO3.SA;M†quinas, Equipamentos, Ve°culos e Peáas
12.049.631/0001-84;MOURA DUBEUX ENGENHARIA S/A;MDNE3.SA;Construá∆o Civil, Mat. Constr. e Decoraá∆o
61.189.288/0001-89;MARISA LOJAS S.A.;AMAR3.SA;ComÇrcio (Atacado e Varejo)
71.476.527/0001-35;CONSTRUTORA TENDA S.A.;TEND3.SA;Construá∆o Civil, Mat. Constr. e Decoraá∆o
01.896.779/0001-38;CSU DIGITAL S.A.;CSUD3.SA;Emp. Adm. Part. - Sem Setor Principal
61.351.532/0001-68;AZEVEDO E TRAVASSOS S.A.;AZEV4.SA;Construá∆o Civil, Mat. Constr. e Decoraá∆o
42.771.949/0001-35;ALLIANÄA SAÈDE E PARTICIPAÄÂES S.A.;AALR3.SA;Serviáos MÇdicos
08.801.621/0001-86;SYN PROP & TECH S.A.;SYNE3.SA;Emp. Adm. Part. - Const. Civil, Mat. Const. e Decoraá∆o
49.669.856/0001-43;VESTE S.A. ESTILO;VSTE3.SA;Emp. Adm. Part. - ComÇrcio (Atacado e Varejo)
45.365.558/0001-09;VITTIA S.A.;VITT3.SA;Agricultura (Aá£car, µlcool e Cana)
33.102.476/0001-92;MONTEIRO ARANHA S.A.;MOAR3.SA;Emp. Adm. Part. - Sem Setor Principal
08.065.557/0001-12;TECNISA S.A.;TCSA3.SA;Construá∆o Civil, Mat. Constr. e Decoraá∆o
14.110.585/0001-07;MêLIUZ S.A.;CASH3.SA;Comunicaá∆o e Inform†tica
33.228.024/0001-51;WLM PART. E COMêRCIO DE MµQUINAS E VE÷CULOS S.A.;WLMM3.SA;Emp. Adm. Part. - M†qs., Equip., Ve°c. e Peáas
82.982.075/0001-80;TEXTIL RENAUXVIEW S.A.;TXRX4.SA;Tàxtil e Vestu†rio
61.156.113/0001-75;IOCHPE MAXION S.A.;MYPK3.SA;M†quinas, Equipamentos, Ve°culos e Peáas
20.247.322/0001-47;ALLIED TECNOLOGIA S.A.;LOGG3.SA;ComÇrcio (Atacado e Varejo)
51.928.174/0001-50;PLASCAR PARTICIPACOES INDUSTRIAIS S.A.;PLAS3.SA;Emp. Adm. Part. - M†qs., Equip., Ve°c. e Peáas
88.613.658/0001-10;PETTENATI S.A. INDUSTRIA TEXTIL;PTNT4.SA;#N/A
90.441.460/0001-48;UNICASA INDÈSTRIA DE M‡VEIS S.A.;UCAS3.SA;Construá∆o Civil, Mat. Constr. e Decoraá∆o
89.463.822/0001-12;LUPATECH S.A;LUPA3.SA;M†quinas, Equipamentos, Ve°culos e Peáas
02.950.811/0001-89;PDG REALTY S.A. EMPREEND E PARTICIPACOES;PDGR3.SA;Emp. Adm. Part. - Const. Civil, Mat. Const. e Decoraá∆o
26.345.998/0001-50;TC S.A.;TRAD3.SA;Comunicaá∆o e Inform†tica
88.610.191/0001-54;MUNDIAL S.A. - PRODUTOS DE CONSUMO;MNDL3.SA;Tàxtil e Vestu†rio
08.078.847/0001-09;LPS BRASIL - CONSULTORIA DE IMOVEIS S.A.;LPSB3.SA;Emp. Adm. Part. - Const. Civil, Mat. Const. e Decoraá∆o
92.012.467/0001-70;GRAZZIOTIN S.A.;CGRA4.SA;ComÇrcio (Atacado e Varejo)
02.258.422/0001-97;INEPAR EQUIPAMENTOS E MONTAGENS S/A - EM RECUPERACAO JUDICIA;INEP4.SA;M†quinas, Equipamentos, Ve°culos e Peáas
09.295.063/0001-97;TECHNOS S.A.;TECN3.SA;ComÇrcio (Atacado e Varejo)
84.693.183/0001-68;SCHULZ S.A.;SHUL4.SA;Metalurgia e Siderurgia
10.139.870/0001-08;NEOGRID PARTICIPAÄÂES S.A.;NGRD3.SA;Comunicaá∆o e Inform†tica
61.082.004/0001-50;MANUFATURA DE BRINQUEDOS ESTRELA S.A.;ESTR3.SA;Brinquedos e Lazer
56.720.428/0001-63;ROMI S.A.;ROMI3.SA;M†quinas, Equipamentos, Ve°culos e Peáas
02.365.069/0001-44;PADTEC HOLDING S.A.;PDTC3.SA;Emp. Adm. Part. - Telecomunicaá‰es
92.781.335/0001-02;TAURUS ARMAS S.A.;TASA4.SA;M†quinas, Equipamentos, Ve°culos e Peáas
67.010.660/0001-24;RNI NEG‡CIOS IMOBILIµRIOS S.A.;RDNI3.SA;Construá∆o Civil, Mat. Constr. e Decoraá∆o
60.851.615/0001-53;BARDELLA S.A. INDUSTRIAS MECANICAS EM RECUPERAÄ«O JUDICIAL;BDLL3.SA;M†quinas, Equipamentos, Ve°culos e Peáas
06.626.253/0001-51;EMPREENDIMENTOS PAGUE MENOS S.A.;PGMN3.SA;ComÇrcio (Atacado e Varejo)
67.571.414/0001-41;VIVER INCORPORADORA E CONSTRUTORA S.A.;VIVR3.SA;Construá∆o Civil, Mat. Constr. e Decoraá∆o
21.240.146/0001-84;AGROGALAXY PARTICIPAÄÂES S.A. - EM RECUPERAÄ«O JUDICIAL;AGXY3.SA;#N/A
02.860.694/0001-62;T4F ENTRETENIMENTO S.A.;SHOW3.SA;Brinquedos e Lazer
61.092.037/0001-81;ETERNIT S.A.;ETER3.SA;Construá∆o Civil, Mat. Constr. e Decoraá∆o
87.456.562/0001-22;JOSAPAR-JOAQUIM OLIVEIRA S.A. - PARTICIP;JOPA4.SA;Emp. Adm. Part. - Alimentos
97.191.902/0001-94;CONSERVAS ODERICH S.A.;ODER4.SA;Alimentos
12.108.897/0001-50;D1000 VAREJO FARMA PARTICIPAÄÂES S.A.;DMVF3.SA;ComÇrcio (Atacado e Varejo)
80.680.093/0001-81;SENIOR SISTEMAS S.A.;SNSY5.SA;Comunicaá∆o e Inform†tica
33.035.536/0001-00;JOAO FORTES ENGENHARIA S.A. - EM RECUPERAÄ«O JUDICIAL;JFEN3.SA;Construá∆o Civil, Mat. Constr. e Decoraá∆o
08.811.643/0001-27;TRISUL S.A.;TRIS3.SA;Emp. Adm. Part. - Const. Civil, Mat. Const. e Decoraá∆o
05.917.486/0001-40;LIVETECH DA BAHIA INDÈSTRIA E COMêRCIO S.A.;LVTC3.SA;ComÇrcio (Atacado e Varejo)
84.683.374/0001-49;TUPY S.A.;TUPY3.SA;Metalurgia e Siderurgia
12.181.987/0001-77;MELNICK DESENVOLVIMENTO IMOBILIµRIO S.A.;MELK3.SA;Emp. Adm. Part. - Const. Civil, Mat. Const. e Decoraá∆o
81.243.735/0001-48;POSITIVO TECNOLOGIA S.A.;POSI3.SA;Comunicaá∆o e Inform†tica
43.470.988/0001-65;EVEN CONSTRUTORA E INCORPORADORA S.A.;EVEN3.SA;Construá∆o Civil, Mat. Constr. e Decoraá∆o
49.263.189/0001-02;HELBOR EMPREENDIMENTOS S.A.;HBOR3.SA;Construá∆o Civil, Mat. Constr. e Decoraá∆o
01.545.826/0001-07;GAFISA S.A.;GFSA3.SA;Construá∆o Civil, Mat. Constr. e Decoraá∆o
08.402.943/0001-52;GUARARAPES CONFECCOES S.A.;GUAR3.SA;Tàxtil e Vestu†rio
33.041.260/0652-90;GRUPO CASAS BAHIA S.A.;BHIA3.SA;ComÇrcio (Atacado e Varejo)
45.453.214/0001-51;PROFARMA DISTRIB PROD FARMACEUTICOS S.A.;PFRM3.SA;ComÇrcio (Atacado e Varejo)
96.418.264/0218-02;LOJAS QUERO QUERO S.A.;LJQQ3.SA;ComÇrcio (Atacado e Varejo)
08.343.492/0001-20;MRV ENGENHARIA E PARTICIPACOES S.A.;MRVE3.SA;Construá∆o Civil, Mat. Constr. e Decoraá∆o
00.776.574/0001-56;AMERICANAS S.A. - EM RECUPERAÄ«O JUDICIAL;AMER3.SA;ComÇrcio (Atacado e Varejo)
94.813.102/0001-70;TR“S TENTOS AGROINDUSTRIAL S/A;OIBR3.SA;Agricultura (Aá£car, µlcool e Cana)
60.894.730/0001-05;USINAS SID DE MINAS GERAIS S.A.-USIMINAS;USIM5.SA;Metalurgia e Siderurgia
47.960.950/0001-21;MAGAZINE LUIZA S.A.;MGLU3.SA;ComÇrcio (Atacado e Varejo)
61.080.313/0001-91;COBRASMA S.A.;;M†quinas, Equipamentos, Ve°culos e Peáas
62.232.889/0001-90;BCO DAYCOVAL S.A.;;Bancos
02.916.265/0001-60;JBS S.A.;JBSS3.SA;Alimentos
49.115.815/0001-05;JBS N.V.;JBSS3.SA;#N/A
15.385.166/0001-40;EQUIPAV SANEAMENTO S.A.;;Saneamento, Serv. µgua e G†s
04.149.454/0001-80;ECORODOVIAS INFRAESTRUTURA E LOG÷STICA S.A.;VIIA3.SA;Serviáos Transporte e Log°stica
08.873.873/0001-10;ECORODOVIAS CONCESSÂES E SERVIÄOS S.A.;VIIA3.SA;Emp. Adm. Part. - Serviáos Transporte e Log°stica
08.827.501/0001-58;AEGEA SANEAMENTO E PARTICIPAÄÂES S.A.;;Saneamento, Serv. µgua e G†s
07.401.436/0001-31;ELDORADO BRASIL CELULOSE S.A.;;Papel e Celulose
02.919.555/0001-67;ARTERIS S.A.;ARTR3.SA;Serviáos Transporte e Log°stica
08.159.965/0001-33;IGUA SANEAMENTO S.A.;IGSN3.SA;Saneamento, Serv. µgua e G†s
62.307.848/0001-15;BANCO RCI BRASIL S.A.;;Bancos
00.389.481/0001-79;LM TRANSPORTES INTERESTADUAIS SERVIÄOS E COMêRCIO S.A.;BIDI11.SA;Emp. Adm. Part. - Serviáos Transporte e Log°stica
61.584.140/0001-49;REDE ENERGIA PARTICIPAÄÂES S.A.;REDE4.SA;Energia ElÇtrica
21.389.501/0001-81;COMPASS GµS E ENERGIA S.A.;;Emp. Adm. Part. - Saneamento, Serv. µgua e G†s
06.164.253/0001-87;GOL LINHAS AEREAS INTELIGENTES S.A.;GOLL4.SA;Emp. Adm. Part. - Serviáos Transporte e Log°stica
76.483.817/0001-20;CIA PARANAENSE DE ENERGIA - COPEL;CPLE6.SA;Energia ElÇtrica
07.859.971/0001-30;TRANSMISSORA ALIANÄA DE ENERGIA ELêTRICA S.A.;;Emp. Adm. Part. - Energia ElÇtrica
04.370.282/0001-70;COPEL GERAÄ«O E TRANSMISS«O S.A.;CPLE6.SA;Energia ElÇtrica
75.609.123/0001-23;UNIDAS LOCAÄÂES E SERVIÄOS S.A.;;Serviáos Transporte e Log°stica
29.980.141/0001-08;OCE∂NICA ENGENHARIA E CONSULTORIA S.A.;;Emp. Adm. Part. - Petr¢leo e G†s
27.902.165/0002-96;HIGHLINE BRASIL II INFRAESTRUTURA DE TELECOMUNICAÄÂES S.A.;;Telecomunicaá‰es
41.508.382/0001-46;RODOVIAS DO BRASIL HOLDING S.A.;VIIA3.SA;Emp. Adm. Part. - Serviáos Transporte e Log°stica
14.882.295/0001-81;CBO HOLDING S.A.;;Emp. Adm. Part. - Petr¢leo e G†s
61.190.096/0001-92;EUROFARMA LABORAT‡RIOS S.A.;;Farmacàutico e Higiene
18.903.785/0001-78;HOLDING DO ARAGUAIA S.A.;;Serviáos Transporte e Log°stica
62.258.884/0001-36;INTERCEMENT BRASIL S.A. - EM RECUPERAÄ«O JUDICIAL;BIDI11.SA;#N/A
71.208.516/0001-74;ALGAR TELECOM S/A;;Telecomunicaá‰es
60.933.603/0001-78;CESP - CIA ENERGETICA DE SAO PAULO;CESP6.SA;Energia ElÇtrica
31.748.174/0001-60;VERO S.A.;;Telecomunicaá‰es
38.199.406/0001-18;RIO ALTO ENERGIAS RENOVµVEIS S.A.;;Energia ElÇtrica
05.303.439/0001-07;UNIGEL PARTICIPAÄÂES S.A.;;Petroqu°micos e Borracha
07.714.104/0001-07;GIGA MAIS FIBRA TELECOMUNICAÄÂES S.A.;;Telecomunicaá‰es
38.286.323/0001-66;ASSURUµ 4 E 5 HOLDING ENERGIA S.A.;;Emp. Adm. Part. - Energia ElÇtrica
45.736.131/0001-70;UNIDAS LOCADORA S.A.;;Serviáos Transporte e Log°stica
25.369.840/0001-57;COMERC ENERGIA S.A.;;Energia ElÇtrica
06.977.745/0001-91;BR MALLS PARTICIPACOES S.A.;BRML3.SA;Emp. Adm. Part. - ComÇrcio (Atacado e Varejo)
32.021.201/0001-61;ORIGEM ENERGIA S.A.;;Petr¢leo e G†s
13.270.520/0001-66;KORA SAÈDE PARTICIPAÄÂES S.A.;KRSA3.SA;Serviáos MÇdicos
24.624.551/0001-94;ARGO ENERGIA EMPREENDIMENTOS E PARTICIPAÄÂES S/A;;Emp. Adm. Part. - Energia ElÇtrica
40.159.947/0001-64;HMOBI PARTICIPAÄÂES S.A.;;Emp. Adm. Part. - Sem Setor Principal
20.512.706/0001-40;VITRU BRASIL EMPREENDIMENTOS, PARTICIPAÄÂES E COMêRCIO S.A.;;Educaá∆o
32.431.519/0001-10;HêLIO VALGAS SOLAR PARTICIPAÄÂES S.A.;;Energia ElÇtrica
04.601.397/0001-28;BRISANET SERVIÄOS DE TELECOMUNICAÄÂES S.A.;BRIT3.SA;Telecomunicaá‰es
12.648.327/0001-53;HIDROVIAS DO BRASIL S.A.;VIIA3.SA;Serviáos Transporte e Log°stica
37.702.340/0001-74;MONTE RODOVIAS S.A.;VIIA3.SA;Emp. Adm. Part. - Serviáos Transporte e Log°stica
02.016.507/0001-69;CIA DE GER. E TRANS. DE ENERGIA ELêTRICA DO SUL DO BRASIL;;Energia ElÇtrica
60.543.816/0001-93;IGUATEMI S.A.;IGTI11.SA;Emp. Adm. Part. - ComÇrcio (Atacado e Varejo)
01.968.293/0001-68;ELETRORIVER S.A.;;Emp. Adm. Part. - Energia ElÇtrica
35.822.503/0001-27;INSPIRALI EDUCAÄ«O S.A.;;Educaá∆o
40.263.170/0001-83;SOLVI ESSENCIS AMBIENTAL S.A.;;Saneamento, Serv. µgua e G†s
07.682.638/0001-07;CONCESSIONµRIA DA LINHA 4 DO METR‚ DE S«O PAULO S.A.;;Emp. Adm. Part. - Serviáos Transporte e Log°stica
82.120.676/0001-83;ALMEIDA JUNIOR SHOPPING CENTERS S.A.;;Emp. Adm. Part. - ComÇrcio (Atacado e Varejo)
60.537.263/0001-66;ALLPARK EMPREENDIMENTOS, PARTICIPAÄÂES E SERVIÄOS S.A.;;Serviáos Transporte e Log°stica
12.528.708/0001-07;AERIS IND. E COM. DE EQUIP. PARA GER. DE ENG. S.A.;;M†quinas, Equipamentos, Ve°culos e Peáas
08.322.396/0001-03;CERRADINHO BIOENERGIA S.A.;;Agricultura (Aá£car, µlcool e Cana)
40.480.481/0001-02;RIO ALTO STL HOLDING I S.A.;;#N/A
04.212.396/0001-91;VOKE S.A.;;Emp. Adm. Part. - Comunicaá∆o e Inform†tica
21.748.188/0001-20;TERP GLBL BRASIL I PARTICIPAÄÂES S.A.;;Emp. Adm. Part. - Energia ElÇtrica
14.292.540/0001-09;BRAZIL TOWER, CESS«O DE INFRA-ESTRUTURAS S.A;;Telecomunicaá‰es
23.438.929/0001-00;ALARES INTERNET PARTICIPAÄÂES S/A;BIDI11.SA;Emp. Adm. Part. - Telecomunicaá‰es
38.482.780/0001-26;ANEMUS WIND HOLDING S.A.;;#N/A
07.823.262/0001-03;FOZ DO RIO CLARO ENERGIA S.A.;;Emp. Adm. Part. - Energia ElÇtrica
04.972.092/0001-22;GRUPO FARTURA DE HORTIFRUT S.A.;;ComÇrcio (Atacado e Varejo)
42.278.291/0001-24;LOG-IN LOGISTICA INTERMODAL S.A.;BIDI11.SA;Serviáos Transporte e Log°stica
26.982.634/0001-80;TURBI COMPARTILHAMENTO DE VE÷CULOS S.A.;;Serviáos Transporte e Log°stica
07.802.794/0001-56;ESSENTIA PCHS S.A.;;Energia ElÇtrica
09.478.309/0001-66;BRASIL BIOFUELS S.A.;;#N/A
13.783.221/0004-78;MADERO INDÈSTRIA E COMêRCIO S.A.;;Alimentos
11.421.994/0001-36;ORIZON VALORIZAÄ«O DE RES÷DUOS S.A.;;Saneamento, Serv. µgua e G†s
39.881.421/0001-04;COMPANHIA ESTADUAL DE GERAÄ«O DE ENERGIA ELêTRICA - CEEE-G;;Energia ElÇtrica
17.765.891/0001-70;GRUPO SALTA EDUCAÄ«O S.A.;;Emp. Adm. Part. - Educaá∆o
62.984.091/0001-02;CRUZEIRO DO SUL EDUCACIONAL S.A.;;Educaá∆o
61.065.298/0001-02;MANGELS INDUSTRIAL S.A.;;Emp. Adm. Part. - Metalurgia e Siderurgia
09.054.385/0001-44;INBRANDS S.A.;;Tàxtil e Vestu†rio
38.456.921/0001-36;INFRACOMMERCE CXAAS S.A.;;ComÇrcio (Atacado e Varejo)
03.279.285/0001-30;ORIZON MEIO AMBIENTE S.A.;;Saneamento, Serv. µgua e G†s
08.397.078/0001-01;GSH CORP PARTICIPAÄÂES S.A.;;Serviáos MÇdicos
09.527.023/0001-23;ENVIRONMENTAL ESG PARTICIPAÄÂES S.A.;;Saneamento, Serv. µgua e G†s
51.218.147/0001-93;IGUATEMI EMPRESA DE SHOPPING CENTERS S.A;IGTI11.SA;ComÇrcio (Atacado e Varejo)
81.616.807/0001-55;GRANJA FARIA S.A.;;Alimentos
16.811.931/0001-00;ALPHAVILLE S.A.;;Construá∆o Civil, Mat. Constr. e Decoraá∆o
31.001.230/0001-07;CELEO REDES TRANSMISS«O DE ENERGIA S.A.;;Emp. Adm. Part. - Energia ElÇtrica
09.359.927/0001-97;ASA BRANCA HOLDING S.A.;;Emp. Adm. Part. - Energia ElÇtrica
35.727.157/0001-06;EZ INC INCORPORAÄÂES S.A.;;Construá∆o Civil, Mat. Constr. e Decoraá∆o
87.762.563/0001-03;CIA HABITASUL DE PARTICIPACOES;;Emp. Adm. Part. - CrÇdito Imobili†rio
07.628.528/0001-59;BRASILAGRO - CIA BRAS DE PROP AGRICOLAS;;#N/A
60.730.348/0001-66;CIA MELHORAMENTOS DE SAO PAULO;;Papel e Celulose
79.430.682/0001-22;FARMµCIA E DROGARIA NISSEI S.A.;;ComÇrcio (Atacado e Varejo)
04.032.433/0001-80;CONTAX PARTICIPAÄÂES S.A. - EM RECUPERAÄ«O JUDICIAL;;Emp. Adm. Part. - Comunicaá∆o e Inform†tica
83.475.913/0001-91;PBG S/A;;Construá∆o Civil, Mat. Constr. e Decoraá∆o
17.314.329/0001-20;INTERNATIONAL MEAL COMPANY ALIMENTACAO S.A.;BIDI11.SA;Alimentos
17.159.005/0001-64;FIACAO E TECELAGEM SAO JOSE SA EM RECUPERACAO JUDICIAL;;Tàxtil e Vestu†rio
40.337.136/0001-06;TERRA SANTA PROPRIEDADES AGR÷COLAS S.A.;TESA3.SA;Agricultura (Aá£car, µlcool e Cana)
52.017.473/0001-03;AZEVEDO & TRAVASSOS ENERGIA S.A.;;Petr¢leo e G†s
02.291.077/0001-93;PRODUTORES ENERGET.DE MANSO S.A.- PROMAN;;Energia ElÇtrica
17.245.234/0001-00;CIA FIACAO TECIDOS CEDRO CACHOEIRA;;Tàxtil e Vestu†rio
45.987.245/0001-92;BIOMA EDUCAÄ«O S.A.;;Emp. Adm. Part. - Educaá∆o
09.149.503/0001-06;SERENA GERAÄ«O S.A.;;Emp. Adm. Part. - Energia ElÇtrica
01.957.772/0001-89;SUL 116 PARTICIPACOES S.A.;;Emp. Adm. Part. - Telecomunicaá‰es
08.935.054/0001-50;MULTINER S/A;;Energia ElÇtrica
02.217.319/0001-07;YBYRµ CAPITAL S.A.;;Emp. Adm. Part. - Sem Setor Principal
31.553.627/0001-01;GRUPO TOKY S.A.;;ComÇrcio (Atacado e Varejo)
43.514.079/0001-81;CLI SUL S.A.;;Serviáos Transporte e Log°stica
82.981.929/0001-03;CIA INDUSTRIAL SCHLOSSER S.A.;;Tàxtil e Vestu†rio
02.255.187/0001-08;UNIFIQUE TELECOMUNICAÄÂES S.A.;;Emp. Adm. Part. - Telecomunicaá‰es
52.805.925/0001-03;BELORA RDVC CITY DESENVOLVIMENTO IMOBILIµRIO S.A.;;Construá∆o Civil, Mat. Constr. e Decoraá∆o
07.820.907/0001-46;FICA EMPREENDIMENTOS IMOBILIµRIOS S.A.;;Construá∆o Civil, Mat. Constr. e Decoraá∆o
42.331.462/0001-31;EMBPAR PARTICIPAÄÂES S/A;;Emp. Adm. Part. - Sem Setor Principal
18.174.270/0001-84;DOTZ S.A.;;Comunicaá∆o e Inform†tica
17.157.777/0001-67;BANCO NACIONAL S.A.;;#N/A
23.994.857/0001-70;ATOM EDUCAÄ«O E EDITORA S.A.;;Educaá∆o
08.100.057/0001-74;TECNOGERA-LOCAÄ«O E TRANSFORMAÄ«O DE ENERGIA S.A.;;M†quinas, Equipamentos, Ve°culos e Peáas
91.333.666/0001-17;RECRUSUL S.A.;;M†quinas, Equipamentos, Ve°culos e Peáas
08.613.550/0001-98;NEXPE PARTICIPAÄÂES S.A;;Emp. Adm. Part. - Const. Civil, Mat. Const. e Decoraá∆o
84.683.671/0001-94;WETZEL S.A.;;Metalurgia e Siderurgia
02.357.251/0001-53;LIFEMED INDUSTRIAL DE EQUIP. E ART. MEDICOS E HOSP. S.A;;M†quinas, Equipamentos, Ve°culos e Peáas
30.540.991/0001-66;HAGA S.A. INDUSTRIA E COMERCIO;;Metalurgia e Siderurgia
82.640.558/0001-04;KARSTEN S.A.;;Tàxtil e Vestu†rio
35.791.391/0001-94;QUALITY SOFTWARE S.A.;QSAS3.SA;Emp. Adm. Part. - Comunicaá∆o e Inform†tica
52.841.191/0001-18;REVEE S.A.;;Emp. Adm. Part. - Brinquedos e Lazer
33.386.210/0001-19;SONDOTECNICA ENGENHARIA SOLOS S.A.;;Construá∆o Civil, Mat. Constr. e Decoraá∆o
00.357.038/0001-16;CENTRAIS ELêTRICAS DO NORTE DO BRASIL S.A.;;Energia ElÇtrica
51.128.999/0001-90;NUTRIPLANT INDUSTRIA E COMERCIO S.A.;;Agricultura (Aá£car, µlcool e Cana)
01.938.783/0001-11;CIA PARTICIPACOES ALIANCA DA BAHIA;;Emp. Adm. Part. - Sem Setor Principal
14.807.945/0001-24;SANSUY S.A. INDUSTRIA DE PLASTICOS;;Petroqu°micos e Borracha
08.574.411/0001-00;PRµTICA PRODUTOS S.A.;;Emp. Adm. Part. - M†qs., Equip., Ve°c. e Peáas
33.200.049/0001-47;HOTEIS OTHON S.A. - EM RECUPERAÄ«O JUDICIAL;;Hospedagem e Turismo
16.233.389/0001-55;CVLB BRASIL S.A;;ComÇrcio (Atacado e Varejo)
19.526.748/0001-50;COMPANHIA INDUSTRIAL CATAGUASES;;Tàxtil e Vestu†rio
16.234.171/0001-15;METANOR SA METANOL DO NE;;Petroqu°micos e Borracha
08.262.121/0001-13;ALUBAR METAIS E CABOS S.A.;;Metalurgia e Siderurgia
25.249.439/0001-83;HOSPITAL CARE CALEDONIA S.A.;;Serviáos MÇdicos
24.921.465/0001-43;BLUEFIT ACADEMIAS DE GINµSTICA E PARTICIPAÄÂES S.A.;;Brinquedos e Lazer
82.643.537/0001-34;ELECTRO ACO ALTONA S.A.;;Metalurgia e Siderurgia
04.069.709/0001-02;BIONEXO S.A.;;Comunicaá∆o e Inform†tica
89.723.993/0001-33;CONSTRUTORA SULTEPA S.A. - EM RECUPERAÄ«O JUDICIAL;;Construá∆o Civil, Mat. Constr. e Decoraá∆o
61.156.931/0001-78;ALIPERTI S.A.;;Emp. Adm. Part. - Agricultura (Aá£car, µlcool e Cana)
61.374.161/0001-30;BAUMER S.A.;;Metalurgia e Siderurgia
10.571.175/0001-02;URBA DESENVOLVIMENTO URBANO S.A.;;Construá∆o Civil, Mat. Constr. e Decoraá∆o
61.088.894/0001-08;CAMBUCI S.A.;;Tàxtil e Vestu†rio
04.065.053/0001-41;BRZ EMPREENDIMENTOS E CONSTRUÄÂES S.A.;;Construá∆o Civil, Mat. Constr. e Decoraá∆o
09.813.204/0001-16;W2W E-COMMERCE DE VINHOS S.A.;;ComÇrcio (Atacado e Varejo)
26.659.061/0001-59;MPM CORP‡REOS S.A.;;Serviáos MÇdicos
90.076.886/0001-40;MINUPAR PARTICIPACOES S.A.;;Emp. Adm. Part. - Alimentos
85.778.074/0001-06;METALURGICA RIOSULENSE S.A.;;M†quinas, Equipamentos, Ve°culos e Peáas
36.542.025/0001-64;BRQ SOLUCOES EM INFORMATICA S.A.;;Comunicaá∆o e Inform†tica
33.467.572/0001-34;TEKNO S.A. - INDUSTRIA E COMERCIO;;Emp. Adm. Part. - Metalurgia e Siderurgia
16.922.038/0001-51;ENJOEI S.A.;;ComÇrcio (Atacado e Varejo)
61.022.042/0001-18;CONSTRUTORA ADOLPHO LINDENBERG S.A.;;Construá∆o Civil, Mat. Constr. e Decoraá∆o
61.409.892/0001-73;COMPANHIA BRASILEIRA DE ALUM÷NIO;;Extraá∆o Mineral
08.560.444/0001-93;CIA CELG DE PARTICIPACOES - CELGPAR;;Emp. Adm. Part. - Energia ElÇtrica
27.743.642/0001-37;CONSTRUTORA METROCASA S.A.;;Construá∆o Civil, Mat. Constr. e Decoraá∆o
51.136.974/0001-38;EPR INFRAESTRUTURA PR S.A.;;Serviáos Transporte e Log°stica
11.284.204/0001-18;YOU INC INCORPORADORA E PARTICIPAÄ«O S.A;;Construá∆o Civil, Mat. Constr. e Decoraá∆o
09.611.768/0001-76;INC EMPREENDIMENTOS IMOBILIµRIOS S.A.;;Construá∆o Civil, Mat. Constr. e Decoraá∆o
02.560.878/0001-07;HOSPITAL ANCHIETA S.A.;;Serviáos MÇdicos
18.483.666/0001-03;HUMBERG AGRIBRASIL COMêRCIO E EXPORTAÄ«O DE GR«OS S.A.;;ComÇrcio (Atacado e Varejo)
87.870.952/0001-44;BORRACHAS VIPAL S.A.;;Petroqu°micos e Borracha
10.158.356/0001-01;CPX DISTRIBUIDORA S.A.;;ComÇrcio (Atacado e Varejo)
59.418.806/0001-47;TRACK & FIELD CO S.A.;TFCO3.SA;Tàxtil e Vestu†rio
14.998.371/0001-19;J. MACEDO S.A.;;Alimentos
20.258.278/0001-70;OUROFINO S.A.;;ComÇrcio (Atacado e Varejo)
07.857.850/0001-50;GP INVESTMENTS, LTD.;;#N/A
03.802.115/0001-98;CLEAR SALE S.A.;CLSA3.SA;#N/A
21.110.778/0001-23;OLIVEIRA TRUST S.A.;;Intermediaá∆o Financeira
08.845.676/0001-98;CORP‡REOS - SERVIÄOS TERAP“UTICOS S.A.;;Serviáos MÇdicos
19.403.252/0001-90;EMCCAMP RESIDENCIAL S.A.;;Construá∆o Civil, Mat. Constr. e Decoraá∆o
02.536.066/0001-26;VITAL ENGENHARIA AMBIENTAL S.A.;;Saneamento, Serv. µgua e G†s
41.096.674/0001-19;CANTU STORE S.A.;;Emp. Adm. Part. - ComÇrcio (Atacado e Varejo)
51.430.503/0001-38;PORTO SERVIÄO S.A;;Emp. Adm. Part. - Sem Setor Principal
23.236.821/0001-27;PATRIMAR ENGENHARIA S.A.;;Construá∆o Civil, Mat. Constr. e Decoraá∆o
92.693.019/0001-89;PANATLANTICA S.A.;PATL3.SA;Metalurgia e Siderurgia
92.665.611/0001-77;DIMED S.A. DISTRIBUIDORA DE MEDICAMENTOS;;ComÇrcio (Atacado e Varejo)
02.193.750/0001-52;DEXXOS PARTICIPAÄÂES S.A.;;Emp. Adm. Part. - Sem Setor Principal
00.070.698/0001-11;COMPANHIA ENERGêTICA DE BRAS÷LIA - CEB;;Energia ElÇtrica
09.146.451/0001-06;KALLAS INCORPORAÄÂES E CONSTRUÄÂES S.A.;;Construá∆o Civil, Mat. Constr. e Decoraá∆o
84.684.455/0001-63;TIGRE S.A. PARTICIPAÄÂES;;Construá∆o Civil, Mat. Constr. e Decoraá∆o
19.014.221/0001-47;CHINA THREE GORGES BRASIL ENERGIA S.A.;;Energia ElÇtrica
96.298.013/0001-68;PACAEMBU CONSTRUTORA S.A.;;Construá∆o Civil, Mat. Constr. e Decoraá∆o
09.053.134/0001-45;ELFA MEDICAMENTOS S.A.;;Serviáos MÇdicos
53.153.938/0001-08;COBASI COMêRCIO DE PRODUTOS BµSICOS E INDUSTRIALIZADOS S.A.;;ComÇrcio (Atacado e Varejo)
43.948.405/0001-69;LUPO S.A.;;ComÇrcio (Atacado e Varejo)
60.665.981/0001-18;UNI«O QU÷MICA FARMAC“UTICA NACIONAL S.A.;;Farmacàutico e Higiene
12.420.164/0001-57;CM HOSPITALAR S.A;;ComÇrcio (Atacado e Varejo)
00.080.671/0001-00;CARAMURU ALIMENTOS S.A.;;Alimentos
17.359.233/0001-88;TECIDOS E ARMARINHOS MIGUEL BARTOLOMEU S.A.;;ComÇrcio (Atacado e Varejo)
07.882.930/0001-65;MITRE REALTY EMPREENDIMENTOS E PARTICIPAÄÂES S.A.;;Construá∆o Civil, Mat. Constr. e Decoraá∆o
41.052.420/0001-07;SOLAR BEBIDAS S.A.;;Bebidas e Fumo
46.573.272/0001-81;PORTO SAÈDE PARTICIPAÄÂES S.A.;;Emp. Adm. Part. - Serviáos mÇdicos
08.312.229/0001-73;EZ TEC EMPREEND. E PARTICIPACOES S.A.;;Emp. Adm. Part. - Const. Civil, Mat. Const. e Decoraá∆o
10.807.374/0001-77;BOA SAFRA SEMENTES S.A.;;Alimentos
10.760.260/0001-19;CVC BRASIL OPERADORA E AG“NCIA DE VIAGENS S.A.;VIIA3.SA;Hospedagem e Turismo
35.654.688/0001-08;AUTOMOB PARTICIPAÄÂES S.A.;;Serviáos Transporte e Log°stica
30.213.493/0001-09;TEGRA INCORPORADORA S.A.;;Emp. Adm. Part. - Const. Civil, Mat. Const. e Decoraá∆o
06.347.409/0001-65;SBF COMêRCIO DE PRODUTOS ESPORTIVOS S.A.;;ComÇrcio (Atacado e Varejo)
89.850.341/0001-60;GRENDENE S.A.;;Tàxtil e Vestu†rio
07.043.628/0001-13;CLARO TELECOM PARTICIPAÄÂES S.A.;;Emp. Adm. Part. - Telecomunicaá‰es
59.717.553/0001-02;GRUPO MULTI S.A.;;Comunicaá∆o e Inform†tica
02.041.460/0001-93;V. TAL - REDE NEUTRA DE TELECOMUNICAÄÂES S.A.;;Telecomunicaá‰es
33.541.368/0001-16;CIA HIDRO ELêTRICA DO S«O FRANCISCO;;Energia ElÇtrica
59.981.829/0001-65;RODOBENS SA;;M†quinas, Equipamentos, Ve°culos e Peáas
23.041.875/0001-37;ALMACENES êXITO S.A.;;#N/A
16.590.234/0001-76;AZZAS 2154 S.A.;;Tàxtil e Vestu†rio
10.215.988/0001-60;COMPANHIA DE LOCAÄ«O DAS AMêRICAS;;Serviáos Transporte e Log°stica
42.737.954/0001-21;INTER & CO, INC.;BIDI11.SA;#N/A
03.983.431/0001-03;EDP - ENERGIAS DO BRASIL S.A.;ENBR3.SA;Energia ElÇtrica
59.105.999/0001-86;WHIRLPOOL S.A.;;M†quinas, Equipamentos, Ve°culos e Peáas
24.990.777/0001-09;GRUPO MATEUS S.A.;;Emp. Adm. Part. - ComÇrcio (Atacado e Varejo)
33.412.081/0001-96;REFINARIA DE PETROLEOS MANGUINHOS S.A.;;Petr¢leo e G†s
71.673.990/0001-77;NATURA COSMêTICOS S.A.;NTCO3.SA;Farmacàutico e Higiene
32.785.497/0001-97;NATURA &CO HOLDING S.A.;NTCO3.SA;Farmacàutico e Higiene
75.315.333/0001-09;ATACAD«O S.A.;;Emp. Adm. Part. - ComÇrcio (Atacado e Varejo)
01.027.058/0001-91;CIELO S.A. -  INSTITUIÄ«O DE PAGAMENTO;CIEL3.SA;Intermediaá∆o Financeira
